{"cameraMode":{"drawMode":0,"name":"Shaded","section":"Shading Mode"},"sceneLighting":true,"audioPlay":false,"sceneViewState":{"m_AlwaysRefresh":false,"showFog":true,"showSkybox":true,"showFlares":true,"showImageEffects":true,"showParticleSystems":true,"showVisualEffectGraphs":true,"m_FxEnabled":true},"in2DMode":false,"pivot":{"x":-4.5023579597473148,"y":3.830141067504883,"z":-5.4223103523254398},"rotation":{"x":-0.007813678123056889,"y":0.950397253036499,"z":-0.3100121021270752,"w":-0.02395457960665226},"size":12.177664756774903,"orthographic":false}